<?xml version="1.0" encoding="ISO-8859-1"?>
<kbarticle><title>Operatoren</title><text>Mit Operatoren k�nnen Berechnungen vorgenommen und Variablen verwendet werden. Die arithmetischen Operatoren sind (teilweise) aus der Mathematik bekannt. Relationale Operatoren vergleichen zwei Werte miteinander und liefern als Ergebnis einen Wahrheitswert. Wahrheitswerte lassen sich mit logischen Operatoren verkn�pfen. Weitere Operatoren werden hier noch nicht behandelt.</text><keywords><keyword>Operator</keyword><keyword>Operatoren</keyword></keywords></kbarticle>
